formula,band_gap,energy_above_hull,formation_energy,volume,density,nsites,spacegroup_number
SnBrF,1.9941000000000004,0.23129453104166586,-1.6421010616666665,133.17573739740033,5.42672268172814,6,129
SnHg2(SBr)2,2.1758,0.13290987321428638,-0.5845471917857158,1406.3273071758572,3.513137939522845,28,14
SnHg2(SBr)2,2.3372,0.05196809500000077,-0.6654889700000014,1225.5877026268377,4.031226657739078,28,14
SnHg2(SBr)2,2.3254,0.07186450285714407,-0.6455925621428581,1283.0623085785637,3.850648394231105,28,14
SnHg2(SBr)2,1.9584,0.0057438089285724026,-0.7117132560714298,851.1670572086609,5.804526592498661,28,14
InSnBr3,1.7073,0.05868024599999799,-0.7587108385000022,212.3532139539347,3.7005962582048313,5,8
RbSnBr3,0.6010000000000002,0.044643826000002385,-1.4789800259999997,205.86806440407298,3.580430783806902,5,1
InSnBr3,1.0975,0.030300713999999118,-1.047631763333333,210.5433445485441,3.7324072658801826,5,1
InSnBr3,1.7591923284557722,0.02002808399999889,-1.0579043933333332,376.94058456499806,4.169535153040518,10,161
RbSnBr3,2.2976,0.0,-1.5236238520000005,701.0268168324552,4.205809749336594,20,62
KSnBr3,2.9147,0.012274417499997803,-1.4990104179500015,665.0417230363074,3.9702651185556457,20,62
InSnBr3,1.5767000000000002,0.06312885724999884,-1.0148036200833332,1271.902423816932,4.942728273871472,40,42
CsSnBr3,1.0107,0.0,-1.5720842714310372,783.0209314899195,4.167798824792286,20,62
CsSnBr3,0.5984,0.011195139500002504,-1.5608891319310367,199.07497852024176,4.098297212323472,5,221
InSnBr3,1.8470999999999997,0.04368562662499986,-1.0342468507083324,2649.6546772093625,4.745273507434391,80,1
SnH10Br4O5,2.2325,0.12931387624999946,-1.110044104125,597.323125600987,2.9378833388654697,40,15
CsSn2Br5,2.4409,0.02589130156249686,-1.3966663349568975,576.8579569066839,4.432142903134531,16,140
InSn2Br5,2.3056,0.032832050625000164,-1.0808807145833317,515.4768602512905,4.84337368224294,16,140
KSn2Br5,2.3632,0.01969130187499646,-1.364866687156252,521.6424011375317,4.304051997261961,16,140
RbSn2Br5,2.3883,0.011171426562494258,-1.3810984478125024,541.7931206717709,4.428208221267831,16,140
TlSn2Br5,2.3623,0.026711095624998293,-1.1410543010416676,518.8023908303451,5.385673751451753,16,140
SnHg6(As2Br3)2,1.3664,0.0,-0.5397963972058849,2071.212081472539,6.7388387182457095,68,198
K2SnBr6,1.1772,0.01618583111111116,-1.5280859805,301.77362751392855,3.7215756527772417,9,225
Rb2SnBr6,1.3166000000000002,0.0,-1.5713690522222206,313.37459192801026,4.075219084168925,9,225
SnHg7(P2Br3)2,1.6526999999999998,0.0,-0.5090195885317483,2100.1841725053782,6.724305824531609,72,198
K2SnBr6,1.6124,0.0,-1.5442718116111114,606.5644005532896,3.7030639575341753,18,14
Cs2SnBr6,1.4466,0.0,-1.609659967145594,331.5067533175784,4.327556684131536,9,225
K2SnBr6,1.5568,0.006394619999999129,-1.5378771916111118,600.1884705547169,3.742402394928106,18,128
Sn7(SBr5)2,2.0140000000000002,0.11100034289473504,-0.9603174478947366,750.8043786552089,3.746895647117722,19,1
Sn4H26(Br4O5)3,2.1928,0.1293712489473684,-1.1513990471491231,1864.958723522881,3.027119206666594,114,2
Sn4H26(Br4O5)3,2.1925,0.13012688535087857,-1.1506434107456136,1892.9420200953457,2.9823694078766194,114,7
Sn2IF3,2.4336,0.06673149767361153,-2.049539410833333,288.73726349130453,4.8460512510310325,12,20
RbSnIO6,2.1663,0.0,-1.5147969719444443,319.8376926509737,4.434629396925351,18,182
Sn2IF3,2.3739000000000003,0.0674994118402763,-2.0487714966666677,273.1558505159604,5.122480716844673,12,63
Sn2SI2,1.6146000000000003,0.0,-0.7331438765000006,2169.6856478165105,4.805949835766613,60,62
KSnI3,2.3326000000000002,0.0,-1.1241006219500025,836.2062838205491,4.277587271078246,20,62
TlSnI3,1.9104999999999999,0.0,-0.8054596336666705,410.1888338873855,5.698343993653939,10,63
Sn2SbSe2I3,1.0446999999999997,0.17789386828124965,-0.4929558574609372,620.6136147874507,4.804452265894557,16,36
Sn2SbS2I3,1.0658532435391392,0.05588721843749944,-0.6295230662499995,564.3843504904992,4.731216531680775,16,36
CsSnI3,2.0632626904348133,0.0032493385000011976,-1.1782869814310346,910.5575123531858,4.612588509108446,20,62
RbSnI3,2.0077,0.0,-1.1522616044999991,862.5786152100532,4.503866375293244,20,62
Sn2SbS2I3,0.6252000000000004,0.08889504468749942,-0.5965152399999996,504.7433811528839,5.290261683399411,16,63
CsSnI3,0.6097000000000001,0.011059161000003481,-1.1704771589310325,956.3187092803578,4.391869653499983,20,62
CsSnI3,0.5435000000000003,0.011843993999997693,-1.1696923259310381,477.1049992694422,4.401575255754903,10,127
Sn(S4I)4,2.0594,0.0,-0.544462640476195,1405.7454001299482,2.691760369178742,42,43
Sn(S4I)4,0.9752000000000001,0.055438431904762275,-0.48902420857143286,2040.4766746986813,1.8544342134094152,42,43
TlSn2I5,1.5583920423108708,0.027724183541665948,-0.754969267291667,622.9905276742561,5.737746284451475,16,140
Tl3SnI5,2.439,0.019792450000001516,-0.8126382861111132,1485.0068627013884,6.111570703656905,36,19
Sn3SbSe2I5,0.9176000000000002,0.15442443268939332,-0.5365798622443179,396.074932423053,5.3258520673932415,11,8
InSn2I5,1.4282,0.022737729652777983,-0.6997791664583328,623.0259698702051,5.259986556186519,16,140
KSn2I5,1.5083000000000002,0.019912043854165784,-0.9619320246562495,651.5931036668055,4.643445684694835,16,140
In3SnI5,2.0039999999999996,0.0024043025000004548,-0.6830577324999992,1447.79592710797,5.035933685035875,36,15
In3SnI5,2.0773,0.0,-0.6854620349999997,1414.3112412067824,5.155162503099114,36,14
In3SnI5,2.1658,3.633944444247916e-05,-0.6854256955555569,1419.5216828996797,5.136240161888418,36,14
Tl4SnI6,2.1924999999999994,0.012481760000000897,-0.8260787721212149,915.2584330243253,6.160112363082207,22,55
ThSnI6,1.9801,0.02074547322917164,-1.2207961518749997,753.7710208544415,4.900187957923747,16,163
Sn4SI6,1.2495000000000003,0.0005634492424237969,-0.7389109379545463,840.5443755858996,5.011310766302722,22,12
SnHg7(As2I3)2,0.9481999999999999,0.0,-0.3267998131944473,2462.951091060537,6.968478244891259,72,198
SnClF,2.5486,0.22900826437500044,-1.759074503333333,121.08298464862872,4.7494910383490465,6,129
Sn2PClO4,2.5695,0.06621666703124962,-2.0626014499553564,283.72195468212544,4.305764318219912,16,40
SnPClO2,2.6142000000000003,0.3140618908285804,-1.5868009054285708,465.7996730368318,3.096284560288993,20,62
Sn5(S2Cl)2,1.2428,0.08739538909090871,-0.7960447459090904,591.2836826871288,4.452468170864477,22,2
Sn5(S2Cl)2,0.5160999999999998,0.03887374227272744,-0.844566392727272,634.7188994183766,4.147775935974832,22,28
Sn(CCl)2,1.0253282008182145,0.8741149099999994,0.03248235299999962,257.11427698464496,2.759498643505321,10,74
Sn(ClO)2,1.0293999999999999,0.7980169392,-0.6162453225,576.0304370620488,2.5554207553879773,20,14
Sn(ClO)2,1.4489,0.7736295947,-0.6406326670000005,603.9082715559888,2.437456487904881,20,14
RbSnCl3,0.9861,0.022738519999999873,-1.7600508784999995,175.92255861329596,2.931167513717728,5,8
InSnCl3,2.0787999999999998,0.02009712699999966,-1.282238966333333,185.53527824765155,3.041985588124429,5,8
RbSnCl3,2.326613151723183,0.0,-1.7827893984999996,351.0235235553608,2.938028104296379,10,161
CsSnCl3,0.9752999999999998,0.022686821500001564,-1.786300865431036,172.32384914406742,3.449496781830894,5,221
SnCNCl3,1.4227999999999998,0.41513190416666657,-0.5302144491666662,399.52561345443996,2.087169196835588,12,7
SnCl3O4,1.2002,0.7464171362187502,-0.26982375156249994,860.9089130974826,2.2302307503953918,32,14
InSnCl3,1.8707999999999996,0.04738256600000046,-1.2549535273333323,1116.478354062945,4.044113460608604,40,42
CsSnCl3,2.9154,0.0,-1.8089876869310355,707.7549033566642,3.359527770056959,20,14
SnCNCl3,1.6622000000000001,0.4271544408333332,-0.5181919124999995,391.95645529378186,2.127474984750374,12,7
SnCCl3,0.8036,1.1652908899999996,0.030875266000000325,166.0981478357188,2.370165528198463,5,8
Sn2Cl4O3,1.7801,0.7203942945555566,-0.8129980436111105,1190.9623667119088,2.382719919122735,36,14
SnCl4O5,0.5465,0.9978876297500001,0.11324249749999993,481.8407254638486,2.347020803047472,20,15
K2SnHCl4,1.9466,0.2780860560937497,-1.3825113010312498,922.2883014002622,2.4466501052329304,32,62
SnS8(N2Cl)4,1.5998,0.39811839023809537,0.0583091780952382,2004.4620814879481,2.084624760993663,84,29
SnS16(Cl2O)2,2.0385,0.15391605445652345,-0.3548506710869553,2850.199810609161,1.8772932000224312,92,14
K2SnCl4O,1.6239999999999999,0.5383141440624986,-1.46486236775,883.9087184858773,2.6655381268697176,32,62
CoSnN6Cl5,1.0373999999999999,1.0077290361538456,0.3417007894230765,1721.6032633142088,1.6935166763893355,52,14
KSn2Cl5,2.9962,0.0,-1.6353830740312527,453.73531380755395,3.32142936881057,16,140
NaSn2Cl5,2.9783,0.0,-1.5860162529849169,873.6265637351751,3.3276280005162318,32,58
NiSn(ClO)6,1.526,0.4375061776339306,-0.4461935496428571,358.2903119032597,2.2529707675026156,14,2
SnC8(NCl3)2,0.6509,2.313456740845589,1.7993068243382353,3020.856762194924,2.003194298820877,136,228
Rb2SnCl6,2.5452,0.0,-1.888469903333333,262.376642392241,3.179377466673336,9,225
K2SnCl6,2.4712,0.0077884333333329,-1.8519207621666653,251.70294620067503,2.702382559115643,9,225
SnH8(NCl3)2,2.3281,0.0,-0.9421317397058824,249.17905375381716,2.4490673212172847,17,225
Tl2SnCl6,2.4899,0.0,-1.43132709462963,251.3367043780097,4.890340449658381,9,225
ZrSnCl6,2.2258,0.022797157291670977,-1.920544659583334,1507.14960540594,2.7940032868925817,48,7
SnHg6(P2Cl3)2,2.1321,0.0,-0.6672977512394976,1786.501486187532,6.16760058133544,68,198
K2SnCl6,2.4713000000000003,0.0032420666666661546,-1.8564671288333325,505.0180821554685,2.693755633412469,18,128
K2SnCl6,2.6777,0.0,-1.8597091954999985,511.3788775240587,2.6602493055013845,18,14
Cs2SnCl6,2.5997,0.0,-1.9195552860344813,288.8351831267041,3.433579394667458,9,225
SnH8(NCl3)2,2.5573,0.006630741764706016,-0.9355009979411761,260.4039469259943,2.3434985716777597,17,225
SrSn2Cl6O5,0.6836000000000001,0.804561990714288,-0.8631348299999999,838.5557119155134,2.4466026477296885,28,15
SnSe2(Cl4O)2,2.775,0.36553823942307595,-0.7775934457451924,785.3291178882758,2.5045777386218693,26,15
K3SnIrCl8,1.5941,0.03205621480769327,-1.7043455974423076,758.9284442527264,3.1150444734336302,26,31
SnP2Cl8O3,2.8401,0.33739782200000157,-1.3067144831632653,765.2811416672569,2.223131995816043,28,1
SnPCl9,2.4343999999999997,0.0,-1.2845888195129944,609.2518097894184,2.555250708395118,22,2
SnPCl9,2.4857,0.007701793636362808,-1.2768870258766318,658.386627961795,2.364554583034084,22,67
SnP2(Cl5O)2,2.8617,0.35973023956667216,-1.1265983391190484,1673.724811316862,2.2508719330463776,60,58
K2Sn5Cl12,2.4961,0.08333680684210831,-1.515310138921052,1251.3710136837522,2.9118695464679525,38,6
Sn2W3Cl14,0.9094000000000002,0.0,-1.331976574473685,995.0680889980135,4.289678262577457,38,173
Sn21H14(Cl4O5)4,2.9683,0.1348503579225362,-1.314693692852112,1359.0420219770797,4.147257062693311,71,155
Sn(PCl6)4,1.544,0.00987252094827884,-1.1534837653817736,3331.5279305942904,2.1800944155343256,116,26
Ag6Ge(S2Br)2,0.5586,0.014315194935897946,-0.4582034865384602,1211.5370035140072,5.52582672747759,52,62
Ge(BrF5)2,2.9061999999999997,0.0,-1.8124802711538466,386.3967261057457,3.6308014313107435,26,14
Ge2S3Br2,2.452195384834489,0.0,-0.8114880353571426,865.2873816027567,3.0803458520759337,28,2
Ge(BrF5)2,2.5421,0.018008230384616297,-1.7944720407692303,436.37624556595375,3.214954527093956,26,4
TlGeBr3,0.7555999999999998,0.027999737999999663,-0.9987667366666677,171.58750587347944,5.000708819515036,5,8
KGeBr3,0.9083000000000001,0.025231168000005244,-1.3619608534499996,175.64051665487327,3.3226784175339206,5,8
KGeBr3,2.9025999999999996,0.0,-1.3871920214500029,342.7646286889748,3.4052344091969378,10,11
TlGeBr3,2.2565999999999997,0.0,-1.0267664746666676,617.8031051932752,5.5555509302379384,20,62
CsGeBr3,1.1965000000000001,0.0,-1.446721973931036,182.01469342992672,4.062130263633712,5,160
RbGeBr3,1.9851,0.0014731225000010895,-1.4168271675000004,712.8200349732962,3.706940253522407,20,33
CsGeBr3,0.7484000000000002,0.01684547200000175,-1.429876501931036,169.417801492696,4.3641659146402825,5,221
CsGeBr3,1.4434000000000002,0.0006243900000026947,-1.446097583931035,191.7415934285745,3.8560615951235357,5,8
Ge19(AsBr)4,1.4361000000000002,0.0,-0.23290144092592605,1232.3153107188523,5.388532306881375,54,218
Ge19(SbBr)4,1.2943000000000002,0.013946621018519068,-0.1922722364814812,1325.8289227808934,5.477770686919107,54,218
Ge19(PBr)4,1.4055,0.0,-0.24274853920634915,1182.0362671812604,5.123830982417575,54,218
Rb3Ge2Br7,2.8982,0.0014679318750001613,-1.5185467058333335,1794.1358656771035,3.5578063086660485,48,14
RbGeIO6,2.4456,0.0,-1.5202793797222225,147.81778074877755,4.280133140461045,9,149
Ge2S3I2,2.2528,0.0,-0.6459267142857134,1114.1440580589715,2.952718103658719,28,147
CuGeI3,0.6193000000000004,0.25498613166666617,-0.23937677799999973,168.73725911026125,5.086793927628165,5,8
CsGeI3,0.9905000000000002,0.0,-1.0696085939310365,225.06811678964056,4.325382726667633,5,160
TlGeI3,1.9161000000000001,0.016987145333332787,-0.6864664226666679,768.288708546055,5.686391023941137,20,62
RbGeI3,2.1971,0.005060806333334611,-1.0302750964999987,816.7220152541115,4.382072008132971,20,19
RbGeI3,0.5181,0.013385509333331047,-1.021950393500002,206.9055618468492,4.324357752306468,5,221
CsGeI3,1.1901,0.00863977400000282,-1.0609688199310348,234.16603554860086,4.157331110828303,5,8
Ge19(SbI)4,1.1349999999999998,0.02913190197530824,-0.10308873592592617,1368.843500590025,5.761765855059361,54,218
Ge19(PI)4,1.0766000000000004,0.0,-0.14323075772486768,1221.2844799883517,5.470406847165617,54,218
Ge19(AsI)4,1.0131000000000001,0.0018011265432109624,-0.1415466174074077,1272.4822010425748,5.709109166054929,54,218
ThGeI6,2.2704,0.05760341489583798,-1.127779356875,696.1948190501305,5.085670724242474,16,163
Tl4GeI6,1.8363,0.016573329696968564,-0.7756208089393969,888.2207521621083,6.175371049962843,22,128
Zr6GeI14,0.9278,0.0,-1.219898757857143,1585.240452349397,5.0209736631252015,42,64
GeClF,2.5216000000000003,0.3417812995833325,-1.4447384033333333,103.26023964581327,4.08754116901802,6,129
GeClO2F5,1.7275,0.0,-1.8116346916666661,524.4739369670099,2.977199310961033,36,20
GePClO2,2.7117999999999998,0.2954740178843531,-1.4807901419285714,470.28210587024273,2.416090644334512,20,62
Ag6Ge(S2Cl)2,0.6229,0.011007999134613478,-0.5048412063461526,1162.530072856738,5.250825523270187,52,62
KGeCl3,1.4859,0.02822289300000369,-1.62745762845,153.00083795544327,2.3670398954379155,5,8
InGeCl3,2.2217000000000002,0.029272844750001248,-1.1767100283333325,173.3398215635561,2.8146712233344373,5,8
KGeCl3,2.893020835482666,0.0,-1.6556805214500017,313.5309319788258,2.3101968612170243,10,161
TlGeCl3,1.3779,0.032765106000001154,-1.2512993896666682,151.03928858108335,4.214938334674733,5,8
GeNCl3,1.1093,1.1723420846666661,0.0783387574999999,706.4037953461383,1.8147892606789335,20,62
CsGeCl3,2.1558,0.0,-1.7102095289310353,162.92527551742106,3.1789390964979427,5,160
Ge19(PCl)4,1.6622999999999997,0.0,-0.29142060457671976,1162.487685735453,4.702030944479153,54,218
Cs2GeCl6,2.2322,0.0,-1.8067913015900348,276.3428926846074,3.31196322598489,9,225
CsPbI2Br,1.4384,0.18755340616666683,-1.1993876209310343,242.33084912816582,4.617248563822033,5,123
Pb3BrO3,0.6278000000000001,0.16577327040178957,-1.2548616421428558,693.9614541086438,7.173756859104425,28,26
B3Pb6BrO10,2.8245000000000005,0.007572932035719404,-2.0096122534999994,1432.797630071289,7.025691229079383,80,57
SbPbBrO2,1.8655,0.03820737215624437,-1.5196689809999988,207.1984593948095,7.0663643501183575,10,63
Pb2BrOF,2.3349292574336347,0.03725085965625219,-1.7480213039999992,231.42833598284025,7.595667312999863,10,67
RePbBrO4,2.916003168830709,0.09139210196428582,-1.841604808214285,271.2585311975452,6.578387919655467,14,31
Fe3Pb4BrO8,1.2332999999999998,0.08584419471679716,-1.4787218790624985,249.06472851353024,8.028747985168804,16,123
As3Pb5BrO12,2.9898,0.0009875043452494126,-1.701114305357142,725.1646970113687,7.019217776933609,42,176
SbPbBrO2,1.423,0.1040774341562436,-1.4537989189999991,100.51255489684354,7.283367776142895,5,107
Pb12BrCl7O8,2.7313999999999994,0.12599601071428523,-1.3847267694642855,703.7847470504985,6.942586844500416,28,6
Pb3BrF5,2.9997,0.18105820208333245,-2.268123386666666,252.758669488518,5.232709744372234,9,8
BiPbBrO2,1.7552000000000003,0.02134213465625301,-1.4815290749999996,106.06848147333677,8.267326665374457,5,107
PbBrF,2.6153999999999997,0.17319284125000234,-1.8136669583333302,134.20409005951333,7.574955418698443,6,129
LaPb6BrO7,1.9301000000000004,0.01070178765625407,-1.842603790999999,682.3884616807068,7.660437983032412,30,63
Te2Pb3(BrO3)2,2.4998,0.045628167115368434,-1.4458363748717946,540.9203592217948,6.953829057336454,26,12
Pb3Se2(BrO3)2,2.8328999999999995,0.0643005378846162,-1.3546131903605763,533.3402618314843,6.446903555724278,26,15
Pb7(BrO4)2,1.1408999999999998,0.18456527661764355,-1.2353092826470573,799.3980262571282,7.221319614300277,34,4
TePb3(BrO2)2,1.9229999999999996,0.04007073240625214,-1.4173822546666657,214.42025237122198,7.53526681929601,10,38
Pb3(BrO)2,2.3870000000000005,0.08428513937500082,-1.3100035314285705,730.6690338978106,7.39428500545488,28,62
Pb2CBr2O3,2.7849000000000004,0.1382358675000006,-1.4772572343749992,663.8393211657299,6.3457641452751945,32,127
Hg2Pb(SBr)2,2.2465,0.09167299285714314,-0.6772257310714297,1314.322369253672,4.206263513722799,28,14
RbPbBr3,1.7508000000000001,0.03939336500000312,-1.5730234424999996,214.22580793725126,4.126661796335753,5,8
RbPbBr3,2.8211,0.0,-1.6124168075000025,367.8035851927661,4.807117129869688,10,63
CsPbBr3,1.8178,0.007483645000001982,-1.6268859464310323,406.14133522480637,4.741253589411975,10,140
KPbBr3O,1.6397,0.38884704597222264,-0.9965049637083331,407.08058883815204,4.095536572775448,12,36
CsPbBr3,2.2291,0.009077043000002227,-1.6252925484310325,407.6294025266833,4.72394545512976,10,38
PbCBr3N,1.0271499616100583,0.6004900626822902,-0.0911919779166664,944.8122549425747,3.3247568135687455,24,62
BPb7Br3O7,1.9254000000000002,0.04250228988715232,-1.5914831834259249,1626.734620148762,7.402369037684252,72,15
B3Pb10Br3O13,2.4353999999999996,0.02140880677263013,-1.8087727147413786,1206.2595178762904,7.026553518608126,58,9
CsPbBr3,2.0087,0.004584386999999968,-1.6297852044310346,813.5305348019324,4.733981039598001,20,62
CsPbBr3,2.8824,0.0,-1.6343695914310346,769.2071757466882,5.006763130034349,20,62
CsPbBr3,1.7819000000000003,0.02507302199999817,-1.6092965694310366,210.49949127443736,4.573928069338352,5,221
TlPb2Br5,2.9522897327485795,0.006589565312498991,-1.2511987344791677,1035.9880556860192,6.528771849750515,32,14
Tl3PbBr5,2.9075000000000006,0.015262295277777227,-1.183211311111113,1209.7877963567705,6.697510535482916,36,76
AgPb2Br5,1.9341,0.03584371312500023,-1.0990943833333322,487.71862786878813,6.276837635085122,16,15
Cs2PbBr6,0.5108,0.04376335972222423,-1.4770518765900382,367.49615529316577,4.303597046073295,9,225
Pb4SBr6,2.2614,0.043006640227272186,-1.1577656006818169,360.8211389904167,6.168159255776941,11,44
Pd(PbBr3)2,1.2637,0.019533725555553882,-1.0743081216666666,544.9084767365256,6.0962319778920095,18,14
Pb13(Br3O5)2,2.0074000000000005,0.05468834114224297,-1.3604785824137902,1441.5357882939093,7.678764067264585,58,15
Pb4SeBr6,1.9786591288751492,0.09571849113636288,-1.1073429083948858,359.3461050050674,6.410180034505279,11,8
Pb4SeBr6,1.9666000000000001,0.09663727113636345,-1.1064241283948852,357.01135353066036,6.452100766545781,11,44
Pb12Br7ClO8,2.710307529227103,0.0901906148214282,-1.3207315001785709,753.2951592511852,7.074202447345459,28,6
TlPb8Br9O4,2.9557,0.16762931073863552,-1.1770228615151515,1334.730562710401,6.5815829456863435,44,85
Pb9(Br5O2)2,2.9011000000000005,0.19817166451087243,-1.156629876086953,1302.434069405143,6.955716246792891,46,85
Mo6PbBr14,2.2911,0.0,-1.092181490476191,2669.3873931686976,4.731435243120679,84,201
NaPb2IO6,2.6086,0.04049648900000058,-1.33546270663793,142.1552226740244,7.7129660292597295,10,225
HPb2IO2,2.3274000000000004,0.09294085205729363,-1.192512697708332,317.570601653997,6.006010612800785,12,12
P3Pb5IO12,2.4246,0.033440658571442405,-2.200603158282312,698.8990199001935,6.879847326981985,42,176
PPb2IO4,2.9295232953670967,0.04493765218749868,-2.025084004017856,644.5158442657945,6.557237573261946,32,14
Pb2IOF,2.267958605688786,0.021449779406250258,-1.6523692089999993,249.3421471839488,7.675978176685979,10,67
AsPb2S3I,1.8295000000000003,0.006573080178573498,-0.6785971396428556,793.1093758415303,5.966405422967352,28,62
SbPbIO2,1.4366000000000003,0.1065157929062428,-1.3399073849999994,109.40494638709656,7.404747654276198,5,107
BiPbIO2,1.7164000000000001,0.014217091406251825,-1.3772009429999996,115.18327577015269,8.290690601980177,5,107
PbIF,2.0780999999999996,0.14780522749999836,-1.653299279999999,169.73032469128702,6.909090845881167,6,129
Pb4IF7,2.9103000000000003,0.061339217291665804,-2.3991937720833327,476.6416760310876,7.585646983934467,24,63
BaPb2IF5,2.8346000000000005,0.044883705833333565,-2.836238154444444,380.3104953506311,6.755701138106668,18,129
RbPbIO6,1.3747,0.0,-1.248388385277777,332.80409491774435,5.144900151890987,18,182
HPbIO,2.72,0.07290918269531321,-1.1202849734374993,360.2084080850585,6.474417198240853,16,62
CsPbI2Br,1.4384,0.18755340616666683,-1.1993876209310343,242.33084912816582,4.617248563822033,5,123
Cs2Pb(ICl)2,2.9646000000000003,0.09856127547619131,-1.6010470513300492,648.2370343292783,4.086946162487227,14,139
Pb3Se2(IO3)2,2.633,0.0547074634615381,-1.2784730530528843,583.108207865704,6.432044081338882,26,15
Pb3(IO6)2,0.8024999999999998,0.05455410544117445,-0.960724496911765,1042.0169084757072,6.8039674868462425,68,14
Pb(IO3)2,2.6939000000000006,0.0,-1.0513171166666682,565.5658043409426,6.54161988980146,36,60
Pb5(IF4)2,2.9581999999999997,0.12739762366666607,-2.201249669333332,317.4012881995764,7.543002978905503,15,160
Hg2Pb(SI)2,1.6317,0.020059193571428047,-0.5896207085714297,899.3113160821075,6.841629867849338,28,127
Pb3(IO)2,2.2335,0.0610157815178578,-1.1740540674999969,832.1643821425162,7.242732498744938,28,62
P28Pb5I2,1.1116000000000001,0.0,-0.08885298764285575,3529.6275048628977,4.059245464203119,140,14
H4PbI3N,2.7535083068613924,0.13965555944444485,-0.5073263294444439,258.3166779466308,3.8952450225765856,9,8
CsPbI3,1.4788,0.025049344000002804,-1.238177400931034,247.0988555291859,4.844004150630407,5,221
CsPbI3,1.6363999999999999,0.01582331700000239,-1.2474034279310342,1008.6977999446959,4.746507355780989,20,62
H4PbI3N,2.4421999999999997,0.09851775944444485,-0.5484641294444437,888.0377064464403,4.532270405708585,36,62
KPbI3,2.411638278367111,0.014278023500001513,-1.206837611949997,860.6416828616508,4.839075131306217,20,62
SbPb2S2I3,1.4018999999999995,0.048298557656248686,-0.7424126037499992,552.4543444374108,5.897299950487757,16,36
RbPbI3,2.4518,0.0,-1.2359468200000017,886.2002703632756,5.04705694582221,20,62
TlPbI3,2.1423,0.011369082999998614,-0.8882086816666674,435.6215032572197,6.040287870522951,10,63
CsPbI3,2.5181,0.0,-1.2632267449310368,930.846658290349,5.143480383752095,20,62
SbPb2S2I3,1.7237999999999998,0.027322848281248646,-0.7633883131249992,1096.7478719307567,5.941181307900788,32,14
Ag2PbI4,0.9013999999999998,0.10418355357142817,-0.5581934733333327,255.27057984852271,6.05326997967276,7,139
CaPbI4,2.8232999999999997,0.0007101441666681474,-1.4074287516666655,266.04388351460426,4.711756891933702,6,12
CaPbI4,2.9111000000000002,0.001099840833331367,-1.407039055000002,266.98416720521374,4.695162693835817,6,10
CaPbI4,2.6306000000000003,0.05063226916666741,-1.357506626666666,273.20796887677074,4.588204754276933,6,65
CaPbI4,2.6263,0.0906276362500007,-1.317511259583333,1186.4732472893336,4.22608467429205,24,14
CaPbI4,2.7904999999999998,0.050247090000000494,-1.357891805833333,1110.0371079119927,4.517088997374771,24,14
CaPbI4,2.6676,0.0846550683333338,-1.3234838274999998,1144.1422380370477,4.382441483350442,24,14
CaPbI4,2.8871,0.00136881791666843,-1.406770077916665,1080.8237393555949,4.639180491924138,24,31
CsPb2I5,1.9530635819110937,0.03790874562499846,-1.0973079193318958,712.2071523580712,5.51095627527239,16,140
Tl3PbI5,2.6249,0.026096279722221283,-0.8586223069444464,1488.174129018842,6.493520252244506,36,19
InPb2I5,1.8572000000000006,0.05699397874999823,-0.7975110845833324,632.108396367293,6.114256125561011,16,140
CaPbI6,1.7803000000000002,0.0,-1.070896201250001,1482.5413777604374,4.5192499521280185,32,43
CaPbI6,2.073,0.012577960000001553,-1.0583182412499994,1659.696704105183,4.036867117889423,32,43
ThPbI6,1.4489824621133773,0.05847266843750276,-1.249487726249999,336.77430222239667,5.920139775402233,8,38
Pb5(SI3)2,1.8469000000000002,0.025685033461536833,-0.853776504999999,505.19842487558884,6.118759830626387,13,12
Tl4PbI6,2.3258,0.016878303181816268,-0.8644631975757601,926.004000891896,6.405994992885963,22,55
ThPbI6,2.4248000000000003,0.03336018343750258,-1.2746002112499992,771.4193813107205,5.1690455029339715,16,163
Tl6PbI10,1.2149,0.013339108823528623,-0.8058290938235319,1389.6261223643273,6.4588318476763655,34,159
ThPbI12,0.585,0.0,-0.8210555585714285,707.0352017945438,4.608158004557789,14,6
Nd3Pb3I13O40,2.8386,0.0,-1.3503988024152551,2004.3107783102735,5.540999451345861,118,161
La3Pb3I13O40,2.9264000000000006,0.0,-1.3666935572881362,2060.7110719400653,5.363544639566291,118,161
Mo6PbI14,1.8429999999999995,0.0,-0.6882203536904764,3274.8107275360426,5.191327847260767,84,201
CsPbCl3,2.6743,0.0,-1.8867979949310343,356.9651386649454,4.1537482793790135,10,127
Cs2Pb(ICl)2,2.9646000000000003,0.09856127547619131,-1.6010470513300492,648.2370343292783,4.086946162487227,14,139
InPbCl3,2.5321999999999996,0.025342604125000445,-1.383731084333333,307.7701151491672,4.6225199245350925,10,63
InPbCl3,2.9011,0.043480789125001085,-1.3655928993333322,190.93686574017815,3.7255076015268362,5,8
RbPbCl3,2.1948,0.03813258600000413,-1.8286296054999986,186.76458044490604,3.5477797201573136,5,8
PbClF,2.6066000000000003,0.3454998304166681,-1.796605448333332,160.92642147920472,5.3997643576196,6,4
Hg6P4PbCl6,2.1079,0.0,-0.6866287721218507,1785.1559762756394,6.501500243029578,68,198
RbPbCl3,2.1963,0.03835282000000406,-1.828409371499999,187.45133578838053,3.5347819110457315,5,221
K2PbCl6,2.0254,0.0,-1.6805995004999998,535.3762610553601,3.089934366790792,18,14
CsPbCl3,2.1878,0.012814112000000932,-1.8739838829310334,183.23540813354208,4.046006570540077,5,221
BiPbClO2,2.0736999999999997,0.03888059115625353,-1.557137906,204.95523902001557,7.8367371034541105,10,63
SbPbClO2,1.9127,0.06289324365624438,-1.5881303969999991,189.25426137653247,6.956327181148746,10,63
Cs2PbCl6,1.4541,0.0,-1.74207226103448,293.46134697481983,3.880169048448099,9,225
Rb2PbCl6,1.2605,0.0,-1.7062683794444444,271.38769042996114,3.615254196893053,9,225
PbCClO2,2.9170000000000003,0.18644798374999727,-1.4644022879999994,170.77531287147193,5.5747434783215395,10,12
VPbClO3,2.3906,0.11300659520833456,-1.947136040416666,414.249190890039,5.477167236359793,24,62
Cs2Nb6PbCl18,1.0644,0.0,-1.796096185530013,728.2296593221475,3.8048172602627903,27,148
Cs2Ta6PbCl18,1.4493,0.0,-1.7934226090114935,723.5177768820963,5.041975465430184,27,148
Mo6PbCl14,2.6058000000000003,0.0,-1.3883896355952392,2260.486017801904,3.7587167901613094,84,201
Pb(ClO2)2,1.1818000000000004,0.20783896511905287,-0.6388999007142852,241.9506709287212,4.695803415114609,14,68
HPbClO,2.8977,0.13433821800781498,-1.314606516562499,141.92267680053635,6.076212046437683,8,12
CsPbCl3,2.3104999999999998,0.01364291399999873,-1.8731550809310353,182.94648775297858,4.052396273739524,5,155
CsPbCl3,2.413,3.6284999998859035e-05,-1.8867617099310354,356.75074462602305,4.1562445288857,10,38
TlPbCl3,2.6017,0.052488018250000046,-1.4401613519166676,1153.259999340162,5.96613721164954,40,42
PbCl2O7,0.5772,0.20410535575000832,-0.450776510499999,318.214837747367,4.071332967008234,20,15
CdPb2(ClO)2,2.4354999999999998,0.11467793022321526,-1.3773008685714276,162.38972529078478,6.439247842459104,7,12
Bi12Pb2Cl6O17,1.0288000000000004,0.09641200490991331,-1.521171139594596,733.9489904025352,7.707953998315789,37,8
Pb2ClOF,2.5741,0.07200181615625123,-1.806417634999999,219.32748114072405,7.341658210119761,10,67
Pd(PbCl3)2,1.5378999999999998,0.0340692772222253,-1.3319081972222193,470.04542385366574,5.182769348337054,18,14
HgPb2(ClO)2,2.2477999999999994,0.12844325446428506,-1.1808208074999997,159.6876182370391,7.465152125977458,7,12
TePb3(ClO2)2,2.0877000000000003,0.0705383499062524,-1.4800619246666655,204.324740781097,7.185074911440383,10,38
Bi13Pb3Cl7O19,0.5725765179690443,0.1142307863293679,-1.511453091785715,836.6854715804884,7.721342652236205,42,8
Pb3(ClO)2,2.4293,0.1308807043750031,-1.3964755199999968,676.3321854948258,7.1152522492471215,28,62
Te2Pb3(ClO3)2,2.5593999999999997,0.07025528326921471,-1.4928610183333328,516.2034684271501,6.714827456724676,26,12
MoPb3Cl2O5,2.2047,0.11105247068181345,-1.6579997204545445,426.08026737455043,6.769069778875313,22,63
HPb3ClO3,2.139,0.05698090564453473,-1.4024776301562492,647.6635835145029,7.241035727689954,32,26
Te2Pb3(ClO3)2,2.5073,0.0884206544230608,-1.474695647179487,516.2034684271501,6.714827456724676,26,1
Pb3ClO3,0.7115999999999998,0.19660527575893294,-1.290563413571427,669.3589174627327,6.996336540203704,28,26
AgPb4ClO4,2.4109,0.057595852270833525,-1.277416697666665,437.5338063352565,7.864607134490434,20,85
Fe3Pb4ClO8,1.1204999999999998,0.09471271799804715,-1.4989618831249993,246.56596037408661,7.810750973715757,16,123
Cr3Pb5ClO12,0.5892999999999997,0.08260517910713805,-1.6778723676190466,693.3034816373382,6.799405574138571,42,176
As3Pb5ClO9,2.6399000000000004,0.013509047144099284,-1.59489286875,690.928260189015,6.922654913807679,36,176
V3Pb5ClO12,2.7954,0.0017943547023895334,-2.032018669523809,715.4909531335836,6.573869746364124,42,176
As3Pb5ClO9,2.0202,0.10042127825520986,-1.507980637638889,743.3276582519815,6.434656187466472,36,173
LaPb6ClO7,2.1327,0.02091076048958751,-1.8634439139999992,675.5957553605919,7.518947841857808,30,12
B3Pb6ClO10,2.816,0.012216022410706628,-2.028255984999999,1346.954034392527,7.25425144773711,80,57
Pb7(ClO4)2,1.213236624231207,0.1871029583823498,-1.2875641229411752,800.4710203259633,6.842793828816908,34,4
SiPb7(ClO4)2,1.4207999999999998,0.21035050902488983,-1.597056024999999,374.66774072141055,7.434229975801115,18,38
Pb7(ClO4)2,0.9098000000000002,0.20369505985293834,-1.2709720214705864,801.8995543524212,6.830603818525165,34,4
As4Pb8Cl6O11,2.1774999999999998,0.169847918329741,-1.4470064894827577,2723.050998029852,5.722435614050384,116,14
Ag2Pb8Cl4O7,2.0909999999999997,0.09572766387400744,-1.264839505039681,1932.7861655986756,7.310081398958038,84,14
Pb12BrCl7O8,2.7313999999999994,0.12599601071428523,-1.3847267694642855,703.7847470504985,6.942586844500416,28,6
Pb12Br7ClO8,2.710307529227103,0.0901906148214282,-1.3207315001785709,753.2951592511852,7.074202447345459,28,6
Pb13(Cl3O5)2,1.8938000000000001,0.0935096747629327,-1.4180165117241363,1366.6091068958028,7.451627312895466,58,15
V2Pb14Cl4O17,2.2763,0.037058591148645625,-1.6711425601351373,1452.8337791283143,7.80984937199794,74,15
As2Pb14Cl4O17,1.9689,0.040394699763526276,-1.55366273527027,1504.3350346165244,7.648357769040493,74,15
